{"cameraMode":{"drawMode":2,"name":"Shaded Wireframe","section":"Shading Mode"},"sceneLighting":false,"audioPlay":false,"sceneViewState":{"m_AlwaysRefresh":false,"showFog":true,"showSkybox":false,"showFlares":true,"showImageEffects":true,"showParticleSystems":true,"showVisualEffectGraphs":true,"m_FxEnabled":true},"in2DMode":false,"pivot":{"x":-107.15471649169922,"y":12.989033699035645,"z":-165.39259338378907},"rotation":{"x":0.5673546195030212,"y":0.007930790074169636,"z":-0.005458854138851166,"w":0.8234378695487976},"size":208.78347778320313,"orthographic":false}