{"cameraMode":{"drawMode":0,"name":"Shaded","section":"Shading Mode"},"sceneLighting":true,"audioPlay":false,"sceneViewState":{"m_AlwaysRefresh":false,"showFog":true,"showSkybox":true,"showFlares":true,"showImageEffects":true,"showParticleSystems":true,"showVisualEffectGraphs":true,"m_FxEnabled":true},"in2DMode":false,"pivot":{"x":-1.204115867614746,"y":0.7400079965591431,"z":0.12758177518844605},"rotation":{"x":-0.10268453508615494,"y":0.267220675945282,"z":-0.028654072433710099,"w":-0.9577280879020691},"size":1.423224687576294,"orthographic":false}