{"cameraMode":{"drawMode":0,"name":"Shaded","section":"Shading Mode"},"sceneLighting":true,"audioPlay":false,"sceneViewState":{"m_AlwaysRefresh":false,"showFog":true,"showSkybox":true,"showFlares":true,"showImageEffects":true,"showParticleSystems":true,"showVisualEffectGraphs":true,"m_FxEnabled":true},"in2DMode":false,"pivot":{"x":-40.069786071777347,"y":3.815680980682373,"z":25.44512367248535},"rotation":{"x":0.13903069496154786,"y":-0.01573382131755352,"z":0.0022099334746599199,"w":0.9901629090309143},"size":1.3935976028442383,"orthographic":false}